{
  "report": {
    "diseased": {
      "precision": 0.7450921492057322,
      "recall": 0.8784608653986375,
      "f1-score": 0.8062986404573876,
      "support": 48001.0
    },
    "healthy": {
      "precision": 0.5742227412056634,
      "recall": 0.35292006817977933,
      "f1-score": 0.4371596844093788,
      "support": 22294.0
    },
    "accuracy": 0.7117860445266377,
    "macro avg": {
      "precision": 0.6596574452056978,
      "recall": 0.6156904667892085,
      "f1-score": 0.6217291624333832,
      "support": 70295.0
    },
    "weighted avg": {
      "precision": 0.6909010604803102,
      "recall": 0.7117860445266377,
      "f1-score": 0.6892265316852942,
      "support": 70295.0
    }
  },
  "confusion_matrix": [
    [
      7868,
      14426
    ],
    [
      5834,
      42167
    ]
  ]
}