{
  "best_model": "Hist Gradient Boosting",
  "comparison": {
    "Logistic Regression": {
      "acc": 0.8502162531299795,
      "f1_macro": 0.8490612209081618
    },
    "KNN": {
      "acc": 0.855167311632142,
      "f1_macro": 0.8537359334234328
    },
    "Random Forest": {
      "acc": 0.9422376508081038,
      "f1_macro": 0.9410715442229877
    },
    "Hist Gradient Boosting": {
      "acc": 0.9513430457546096,
      "f1_macro": 0.9511798086130169
    }
  },
  "test_report": {
    "Apple___Apple_scab": {
      "precision": 1.0,
      "recall": 1.0,
      "f1-score": 1.0,
      "support": 3.0
    },
    "Apple___Cedar_apple_rust": {
      "precision": 1.0,
      "recall": 1.0,
      "f1-score": 1.0,
      "support": 4.0
    },
    "Corn_(maize)___Common_rust_": {
      "precision": 1.0,
      "recall": 1.0,
      "f1-score": 1.0,
      "support": 3.0
    },
    "Pepper,_bell___healthy": {
      "precision": 0.0,
      "recall": 0.0,
      "f1-score": 0.0,
      "support": 0.0
    },
    "Potato___Early_blight": {
      "precision": 1.0,
      "recall": 1.0,
      "f1-score": 1.0,
      "support": 5.0
    },
    "Potato___healthy": {
      "precision": 1.0,
      "recall": 1.0,
      "f1-score": 1.0,
      "support": 2.0
    },
    "Tomato___Bacterial_spot": {
      "precision": 0.0,
      "recall": 0.0,
      "f1-score": 0.0,
      "support": 0.0
    },
    "Tomato___Early_blight": {
      "precision": 1.0,
      "recall": 0.6666666666666666,
      "f1-score": 0.8,
      "support": 6.0
    },
    "Tomato___Tomato_Yellow_Leaf_Curl_Virus": {
      "precision": 0.8333333333333334,
      "recall": 0.8333333333333334,
      "f1-score": 0.8333333333333334,
      "support": 6.0
    },
    "Tomato___healthy": {
      "precision": 1.0,
      "recall": 1.0,
      "f1-score": 1.0,
      "support": 4.0
    },
    "accuracy": 0.9090909090909091,
    "macro avg": {
      "precision": 0.7833333333333333,
      "recall": 0.7499999999999999,
      "f1-score": 0.7633333333333333,
      "support": 33.0
    },
    "weighted avg": {
      "precision": 0.9696969696969697,
      "recall": 0.9090909090909091,
      "f1-score": 0.9333333333333333,
      "support": 33.0
    }
  }
}