{
  "report": {
    "diseased": {
      "precision": 0.7335159404738373,
      "recall": 0.5411553925959875,
      "f1-score": 0.622821109166327,
      "support": 48001.0
    },
    "healthy": {
      "precision": 0.3685855168854997,
      "recall": 0.576702251726922,
      "f1-score": 0.44973415419056945,
      "support": 22294.0
    },
    "accuracy": 0.552429049007753,
    "macro avg": {
      "precision": 0.5510507286796684,
      "recall": 0.5589288221614548,
      "f1-score": 0.5362776316784482,
      "support": 70295.0
    },
    "weighted avg": {
      "precision": 0.6177785642240557,
      "recall": 0.552429049007753,
      "f1-score": 0.5679267272866836,
      "support": 70295.0
    }
  },
  "confusion_matrix": [
    [
      12857,
      9437
    ],
    [
      22025,
      25976
    ]
  ]
}